Grafo,Execução,Algoritmo,Fit Inicial,Fit Final,Tempo Execução (s),Ganho Relativo (%)
berlin52,1,AG Original,25078.10274333768,13955.648024113725,0.8809404373168945,44.35126067173793
berlin52,1,AG 1DeleteCross,26248.904912342907,9671.85040636168,2.6929523944854736,63.153318438767606
berlin52,1,AG 1DC-Solucao-Cluster2x2,26247.32610650359,11248.244462679453,1.7377386093139648,57.145179600247545
berlin52,1,AG 1DC-AG-Cluster2x2,24845.568716025668,11475.843549371506,1.5828955173492432,53.81130663364747
berlin52,2,AG Original,26145.491263876218,14219.063858395653,0.8783907890319824,45.61561794770577
berlin52,2,AG 1DeleteCross,25756.36620331859,9560.395794106133,5.576537609100342,62.88142621269952
berlin52,2,AG 1DC-Solucao-Cluster2x2,25070.302711869525,12123.620192176808,1.7649540901184082,51.641508554913116
berlin52,2,AG 1DC-AG-Cluster2x2,25381.108781461448,11101.183437153204,3.4510419368743896,56.26202333106271
berlin52,3,AG Original,23488.809854752402,12597.373568878023,0.8919439315795898,46.36861702752792
berlin52,3,AG 1DeleteCross,25482.487783353787,9052.78349780415,8.13113808631897,64.47449097290335
berlin52,3,AG 1DC-Solucao-Cluster2x2,26093.220695366083,11835.92725837827,3.685459852218628,54.6398376936266
berlin52,3,AG 1DC-AG-Cluster2x2,25825.890259272004,10628.70783335565,3.3507678508758545,58.84475723139986
berlin52,4,AG Original,26177.161227577122,13741.626833404534,0.8816523551940918,47.505282509671055
berlin52,4,AG 1DeleteCross,25195.990261329574,8727.19616503428,3.7061731815338135,65.36275782568208
berlin52,4,AG 1DC-Solucao-Cluster2x2,26941.639733592398,11533.09254034268,1.7451660633087158,57.192314000240486
berlin52,4,AG 1DC-AG-Cluster2x2,25928.29686106702,11032.507570695687,1.6810429096221924,57.44993344602709
berlin52,5,AG Original,25524.742292417508,13899.758540819059,0.8798999786376953,45.54398088889547
berlin52,5,AG 1DeleteCross,26234.349816940034,10196.305093780566,2.5262789726257324,61.13376102350892
berlin52,5,AG 1DC-Solucao-Cluster2x2,26365.65610383883,9834.742356430648,2.095317840576172,62.698662541537466
berlin52,5,AG 1DC-AG-Cluster2x2,26538.88344920235,12670.560545221462,3.2203471660614014,52.25661784349753
berlin52,6,AG Original,24941.15735474306,13722.649700328255,0.8809869289398193,44.979900069799214
berlin52,6,AG 1DeleteCross,25733.05556386774,9460.521612457258,3.1101737022399902,63.23591814047551
berlin52,6,AG 1DC-Solucao-Cluster2x2,25829.050733954005,13291.553615089433,3.978795289993286,48.54029382652921
berlin52,6,AG 1DC-AG-Cluster2x2,25886.94876384145,11528.2922220688,3.4888882637023926,55.46677854065456
berlin52,7,AG Original,25812.17927477221,13273.793809982122,0.8788366317749023,48.575462502868184
berlin52,7,AG 1DeleteCross,27026.76823529235,9714.467422256046,2.5589115619659424,64.05612636448849
berlin52,7,AG 1DC-Solucao-Cluster2x2,24514.684721127716,12663.543260620723,3.3087706565856934,48.343030291118595
berlin52,7,AG 1DC-AG-Cluster2x2,25715.686598892506,13414.600844368024,2.1580889225006104,47.834949719189105
berlin52,8,AG Original,26655.075266693904,14047.349334674862,0.8988444805145264,47.299532287468985
berlin52,8,AG 1DeleteCross,26804.792934197572,9337.234866659897,4.266802787780762,65.16580117003087
berlin52,8,AG 1DC-Solucao-Cluster2x2,25999.08880531926,11185.204669881949,3.319315195083618,56.978474308709146
berlin52,8,AG 1DC-AG-Cluster2x2,26612.490119099366,13515.281335762415,3.381584882736206,49.21451816317365
berlin52,9,AG Original,25795.89094870262,13442.100378910822,0.8873109817504883,47.89053649807401
berlin52,9,AG 1DeleteCross,24560.62443012814,9729.33444207481,2.416621685028076,60.386453244486795
berlin52,9,AG 1DC-Solucao-Cluster2x2,26555.766508088403,12099.786639373293,3.2295007705688477,54.436311843275476
berlin52,9,AG 1DC-AG-Cluster2x2,25361.189266381913,11683.066386818644,3.2500901222229004,53.93328655014853
berlin52,10,AG Original,24647.41646526875,15827.14853116344,0.8856494426727295,35.78577067715862
berlin52,10,AG 1DeleteCross,25890.53330083625,9791.124340102253,2.715686559677124,62.18260849889097
berlin52,10,AG 1DC-Solucao-Cluster2x2,26375.201397672918,12419.462196654917,3.544677734375,52.91235122947465
berlin52,10,AG 1DC-AG-Cluster2x2,25725.914611944925,11761.991263354821,1.6593120098114014,54.27959922601332
berlin52,11,AG Original,24042.438814292724,12380.348198894459,0.8834500312805176,48.506271370712184
berlin52,11,AG 1DeleteCross,26638.196238689936,9340.682761677377,4.036133289337158,64.93500281332581
berlin52,11,AG 1DC-Solucao-Cluster2x2,25538.556243135325,11603.350701095349,3.312929153442383,54.56536152385556
berlin52,11,AG 1DC-AG-Cluster2x2,26062.95558535993,11683.431472688988,3.0918896198272705,55.172269566956565
berlin52,12,AG Original,25956.446543033526,13798.200372181886,0.8839817047119141,46.84095009189462
berlin52,12,AG 1DeleteCross,25520.15383745091,10313.851427860985,2.409421682357788,59.58546530105405
berlin52,12,AG 1DC-Solucao-Cluster2x2,26086.047284540447,11968.190470073663,2.919989824295044,54.12033743737613
berlin52,12,AG 1DC-AG-Cluster2x2,26330.768455671856,12266.786904037013,1.8032608032226562,53.41272730156628
berlin52,13,AG Original,25066.829472220674,14326.802655273585,0.8825020790100098,42.84557338553446
berlin52,13,AG 1DeleteCross,26197.130071858,9042.876962067674,2.597315788269043,65.48142129590794
berlin52,13,AG 1DC-Solucao-Cluster2x2,25932.142327639725,11369.752987582175,3.2880594730377197,56.15575125290076
berlin52,13,AG 1DC-AG-Cluster2x2,27154.72802361564,11069.65364168079,3.574634552001953,59.234894077915826
berlin52,14,AG Original,25381.091999411565,13082.635223746105,0.8838610649108887,48.45519166768155
berlin52,14,AG 1DeleteCross,25503.91525411626,9814.715923750005,2.472684621810913,61.51682662854701
berlin52,14,AG 1DC-Solucao-Cluster2x2,26994.608792160387,11630.446628881571,1.7756059169769287,56.915668908455466
berlin52,14,AG 1DC-AG-Cluster2x2,26493.142297861064,11424.488037556523,3.3856306076049805,56.87756511058002
berlin52,15,AG Original,25520.024541514897,13348.230722728185,0.8783955574035645,47.69507097842383
berlin52,15,AG 1DeleteCross,25374.133591859005,9903.513525903185,3.355046033859253,60.97004262214253
berlin52,15,AG 1DC-Solucao-Cluster2x2,26136.692839589556,11843.123140887848,3.5017144680023193,54.68775176119861
berlin52,15,AG 1DC-AG-Cluster2x2,26041.086279801046,11354.298741925348,3.376173734664917,56.39852109114054
berlin52,16,AG Original,24453.466935996243,12761.880916978256,0.8796584606170654,47.811568190388655
berlin52,16,AG 1DeleteCross,24789.438058744086,9171.582907844158,3.086921453475952,63.00205399529407
berlin52,16,AG 1DC-Solucao-Cluster2x2,26008.598136853005,10326.090564726435,3.652543783187866,60.29739661325755
berlin52,16,AG 1DC-AG-Cluster2x2,26576.690571584655,10706.203288526176,3.393578052520752,59.715814654616686
berlin52,17,AG Original,26304.293899061162,15160.072022845012,0.8810677528381348,42.36655018751103
berlin52,17,AG 1DeleteCross,25768.40905155581,9376.622131186437,2.8591268062591553,63.61194782174451
berlin52,17,AG 1DC-Solucao-Cluster2x2,26226.25957918717,11156.122397464544,3.180267810821533,57.462014879476364
berlin52,17,AG 1DC-AG-Cluster2x2,27223.628414057413,11875.507834845774,3.650627374649048,56.3779388469994
berlin52,18,AG Original,24491.479682147547,14163.75271036567,0.8858170509338379,42.16865255107479
berlin52,18,AG 1DeleteCross,25227.980627403278,10505.965142381123,2.616593360900879,58.355901340080806
berlin52,18,AG 1DC-Solucao-Cluster2x2,26509.0726081334,12392.873101600708,3.1072490215301514,53.250446423394
berlin52,18,AG 1DC-AG-Cluster2x2,26486.810801597458,11126.604912593179,3.2262659072875977,57.99190398595621
berlin52,19,AG Original,25485.730412176435,14318.063308184228,0.8781616687774658,43.81929386907655
berlin52,19,AG 1DeleteCross,25528.046599256428,9542.5516356826,3.765650749206543,62.61934261761905
berlin52,19,AG 1DC-Solucao-Cluster2x2,25796.875111260055,10411.719535991966,1.7870862483978271,59.639609483369696
berlin52,19,AG 1DC-AG-Cluster2x2,26340.750016317757,11603.372955647088,3.4115583896636963,55.94896520236156
berlin52,20,AG Original,26668.57498002614,14301.414493442595,0.8801958560943604,46.37353325344954
berlin52,20,AG 1DeleteCross,26353.509357930958,10036.357732282566,4.351457357406616,61.91642791868942
berlin52,20,AG 1DC-Solucao-Cluster2x2,26245.045565893528,10140.463840279946,1.6206865310668945,61.36236908097473
berlin52,20,AG 1DC-AG-Cluster2x2,26329.53125700754,11327.66139670233,2.5232112407684326,56.97735259268051
ch150,1,AG Original,46806.78731274249,28336.09588811125,4.253381013870239,39.461566334852584
ch150,1,AG 1DeleteCross,50046.71039465052,19652.669916611456,12.779152393341064,60.731345253988714
ch150,1,AG 1DC-Solucao-Cluster2x2,49288.1471218447,9542.525096589477,13.46191143989563,80.63931055675616
ch150,1,AG 1DC-AG-Cluster2x2,48348.53024588508,9677.97080271157,14.800744533538818,79.98290588464113
ch150,2,AG Original,49850.56013725238,27855.603545026206,4.26285982131958,44.121784252108654
ch150,2,AG 1DeleteCross,49182.73237404119,19574.264703917233,12.012457609176636,60.20094094192986
ch150,2,AG 1DC-Solucao-Cluster2x2,49789.85062522175,10193.666472408078,9.465919733047485,79.52661768532334
ch150,2,AG 1DC-AG-Cluster2x2,49594.04292571019,9854.485173203751,10.96990418434143,80.1296998755166
ch150,3,AG Original,47285.99491000207,27358.43159064406,4.263906717300415,42.14263305083356
ch150,3,AG 1DeleteCross,49359.420299240264,19701.525201121214,12.327491998672485,60.08558228260947
ch150,3,AG 1DC-Solucao-Cluster2x2,49619.58638348274,8983.357684256584,9.874263286590576,81.8955409768451
ch150,3,AG 1DC-AG-Cluster2x2,49796.313524859564,10351.591430977973,12.3715500831604,79.21213299090864
ch150,4,AG Original,47313.673668007395,29443.22217141372,4.241360902786255,37.77016264259635
ch150,4,AG 1DeleteCross,48089.82026154623,18582.766996967384,12.847171545028687,61.35821074834291
ch150,4,AG 1DC-Solucao-Cluster2x2,48871.83090657618,10212.132201902115,10.956788778305054,79.10425696671008
ch150,4,AG 1DC-AG-Cluster2x2,48785.37536195948,9153.395515004433,11.175654888153076,81.23741910953541
ch150,5,AG Original,49213.44251120422,28969.532084922783,4.243693828582764,41.13492044713716
ch150,5,AG 1DeleteCross,45236.545556041296,20376.372413790476,12.514905214309692,54.95594952415806
ch150,5,AG 1DC-Solucao-Cluster2x2,48605.205444713465,9936.858836477302,13.41597318649292,79.55597811888669
ch150,5,AG 1DC-AG-Cluster2x2,48736.64851493137,9623.431458908173,12.625104188919067,80.25421986914044
ch150,6,AG Original,48776.20882367409,28442.731918612717,4.244763374328613,41.68728442705922
ch150,6,AG 1DeleteCross,49779.32253137726,19517.040691634418,11.884628772735596,60.79287603937901
ch150,6,AG 1DC-Solucao-Cluster2x2,48720.362734353024,9855.518374984038,18.62235116958618,79.77125410842876
ch150,6,AG 1DC-AG-Cluster2x2,47720.53142290366,10207.29319352365,11.061442613601685,78.61026922968294
ch150,7,AG Original,49707.6742139279,28012.715006685787,4.245733737945557,43.645090120034766
ch150,7,AG 1DeleteCross,50361.60806128596,18444.910041206105,13.575295209884644,63.37505740730089
ch150,7,AG 1DC-Solucao-Cluster2x2,48899.24378392717,10067.065145538325,14.487489700317383,79.41263633846359
ch150,7,AG 1DC-AG-Cluster2x2,50093.8557840414,9921.165043244659,10.870062589645386,80.1948464777485
ch150,8,AG Original,50273.96287141886,28788.653524727204,4.277546405792236,42.73645465674284
ch150,8,AG 1DeleteCross,47210.889437518264,19103.333225690803,12.56965708732605,59.53617173221593
ch150,8,AG 1DC-Solucao-Cluster2x2,48552.84524849709,9838.39796904806,18.666418075561523,79.7367220835475
ch150,8,AG 1DC-AG-Cluster2x2,49415.35113874442,9410.248162991571,10.616939067840576,80.9568323483724
ch150,9,AG Original,47674.76327352581,28762.687385093494,4.249757766723633,39.668945559157805
ch150,9,AG 1DeleteCross,49166.16777321999,19122.157713802186,13.069517135620117,61.107081190456924
ch150,9,AG 1DC-Solucao-Cluster2x2,47273.731212162886,10334.882416886912,15.187964677810669,78.13821301622181
ch150,9,AG 1DC-AG-Cluster2x2,48569.51224863329,9568.007986799028,19.80284810066223,80.30038280430072
ch150,10,AG Original,49632.75614401401,28118.520912581716,4.2749834060668945,43.34684773299061
ch150,10,AG 1DeleteCross,48045.77925960285,20054.106053472246,11.930461406707764,58.260420868365756
ch150,10,AG 1DC-Solucao-Cluster2x2,50172.71818927109,9584.735533593164,15.184882402420044,80.896519304703
ch150,10,AG 1DC-AG-Cluster2x2,49326.95092913129,9091.653183876222,13.503931045532227,81.56858874788688
ch150,11,AG Original,50031.96058210318,30285.286418666314,4.276379585266113,39.468119845178336
ch150,11,AG 1DeleteCross,49090.4299071155,19345.40184261104,13.50568437576294,60.59231528586187
ch150,11,AG 1DC-Solucao-Cluster2x2,49881.68611647916,10066.45252228818,9.723345756530762,79.81934191482237
ch150,11,AG 1DC-AG-Cluster2x2,48192.00678555315,10265.828685812414,9.85587453842163,78.6980676453385
ch150,12,AG Original,47502.48463980789,29983.534636353772,4.242581367492676,36.88007087690933
ch150,12,AG 1DeleteCross,49085.41993455725,17665.928011273438,12.46631669998169,64.009826064794
ch150,12,AG 1DC-Solucao-Cluster2x2,48986.365696266716,10304.566264227902,15.773265361785889,78.96441975687691
ch150,12,AG 1DC-AG-Cluster2x2,48943.87474000402,9198.020334442366,16.87779998779297,81.20700417916767
ch150,13,AG Original,49761.23189919081,27533.92923027502,4.266878843307495,44.66791078232378
ch150,13,AG 1DeleteCross,49060.293942813354,20432.99328474406,12.239802837371826,58.351262003114826
ch150,13,AG 1DC-Solucao-Cluster2x2,49799.62960457333,9524.81147129822,15.878387928009033,80.87373029291865
ch150,13,AG 1DC-AG-Cluster2x2,48630.555495237095,9650.897864178936,15.115986108779907,80.15466250406259
ch150,14,AG Original,49988.947478974704,28115.690546676455,4.257857084274292,43.756186187953084
ch150,14,AG 1DeleteCross,49905.05823952077,20629.13560936791,11.965611696243286,58.66323708038216
ch150,14,AG 1DC-Solucao-Cluster2x2,48895.962679961885,9403.772918505603,12.057631492614746,80.76779267021288
ch150,14,AG 1DC-AG-Cluster2x2,49551.97546264492,9184.628144351893,12.599878072738647,81.46465795036612
ch150,15,AG Original,49208.15278386252,28042.569984949892,4.2586281299591064,43.01234978658604
ch150,15,AG 1DeleteCross,49077.86618629999,21442.025065174665,11.340960025787354,56.310192900847476
ch150,15,AG 1DC-Solucao-Cluster2x2,48899.62111196542,9489.945091547315,12.192410945892334,80.59300895232256
ch150,15,AG 1DC-AG-Cluster2x2,49555.59020970385,10431.236039150619,9.016668796539307,78.95043526873783
ch150,16,AG Original,49661.99565337821,26427.434119610763,4.244084119796753,46.78539641446515
ch150,16,AG 1DeleteCross,47884.0423005372,19264.473076626473,12.352063417434692,59.768490396621445
ch150,16,AG 1DC-Solucao-Cluster2x2,48794.58097234018,9973.449130802135,16.1745023727417,79.56033450424401
ch150,16,AG 1DC-AG-Cluster2x2,49367.34876235292,9642.863855514102,16.94910502433777,80.46712230398798
ch150,17,AG Original,49456.14670028052,29203.032808160773,4.282273054122925,40.951661711252704
ch150,17,AG 1DeleteCross,47228.843883272864,19711.598892172227,12.312557935714722,58.26364299560268
ch150,17,AG 1DC-Solucao-Cluster2x2,49155.85526348082,9785.016966105073,18.648566961288452,80.093893364979
ch150,17,AG 1DC-AG-Cluster2x2,47378.56264390752,9525.729926600428,13.547163248062134,79.89443031821195
ch150,18,AG Original,49848.04844715749,30094.24644524888,4.256635665893555,39.62803483239481
ch150,18,AG 1DeleteCross,48863.556006290724,19362.244920042413,13.085399389266968,60.374875464344626
ch150,18,AG 1DC-Solucao-Cluster2x2,49724.99028984392,10107.732925681314,11.99770188331604,79.6727302172128
ch150,18,AG 1DC-AG-Cluster2x2,49515.75014137725,9499.683609250413,17.576915979385376,80.81482441015851
ch150,19,AG Original,48791.79017640866,29158.833708346843,4.273481369018555,40.23823761554573
ch150,19,AG 1DeleteCross,50407.85373516714,17934.16461810572,11.854241609573364,64.42188411288396
ch150,19,AG 1DC-Solucao-Cluster2x2,49120.22749738126,10491.337506519056,11.766988515853882,78.64151279210103
ch150,19,AG 1DC-AG-Cluster2x2,49023.88840448002,10061.798975227395,13.184356689453125,79.47572234129862
ch150,20,AG Original,48512.44814867189,28481.201554836432,4.26631760597229,41.29094151762334
ch150,20,AG 1DeleteCross,48341.451340660955,19388.59009955147,12.757288694381714,59.89241207732764
ch150,20,AG 1DC-Solucao-Cluster2x2,48784.27175615247,10606.854456803285,7.712445974349976,78.25763494057776
ch150,20,AG 1DC-AG-Cluster2x2,49453.95897129365,10087.369219403654,15.377012729644775,79.6025041690615
rd400,1,AG Original,198980.34967994082,128745.49641764128,24.80191206932068,35.29738156319056
rd400,1,AG 1DeleteCross,201046.61592422257,77423.47431373633,54.25455665588379,61.48978983912946
rd400,1,AG 1DC-Solucao-Cluster2x2,202680.21651844072,39531.251827078806,28.70831561088562,80.49575212315699
rd400,1,AG 1DC-AG-Cluster2x2,202847.86201891964,37758.93837588754,43.08574652671814,81.38558720802995
rd400,2,AG Original,201388.14526599107,127475.62738925141,24.56401562690735,36.701523706431125
rd400,2,AG 1DeleteCross,201136.2839037219,78430.96333149732,56.82680320739746,61.006059270221016
rd400,2,AG 1DC-Solucao-Cluster2x2,203572.20162973818,37195.315029112324,29.04492497444153,81.72868656361834
rd400,2,AG 1DC-AG-Cluster2x2,196463.18315360224,36695.45880197387,29.510838508605957,81.3219666845752
rd400,3,AG Original,198354.41688895534,123882.34715151667,24.720869302749634,37.54495155967731
rd400,3,AG 1DeleteCross,202539.27028490533,84924.04551198195,53.99018359184265,58.07033105603565
rd400,3,AG 1DC-Solucao-Cluster2x2,201192.8222015831,38456.74141655383,28.531378746032715,80.8856295191175
rd400,3,AG 1DC-AG-Cluster2x2,198619.92117113178,36974.90598261317,31.116297721862793,81.38408989158977
rd400,4,AG Original,199971.83582787673,130989.84251030926,24.748411178588867,34.49585439468729
rd400,4,AG 1DeleteCross,203791.24661672756,81469.14972204491,58.169039487838745,60.02323403258588
rd400,4,AG 1DC-Solucao-Cluster2x2,201290.48762038237,36520.845728782406,30.445173740386963,81.85664600422758
rd400,4,AG 1DC-AG-Cluster2x2,198467.9252402853,38649.93939405793,27.898495197296143,80.52585104254784
rd400,5,AG Original,202743.23967942855,126998.48816163618,24.700225353240967,37.359939417737266
rd400,5,AG 1DeleteCross,200953.96772320836,79835.9352626559,55.516730308532715,60.27153075543102
rd400,5,AG 1DC-Solucao-Cluster2x2,202294.91668261043,37397.80421829177,28.97208571434021,81.5132259220498
rd400,5,AG 1DC-AG-Cluster2x2,200364.18070597752,36522.799925224615,30.276196479797363,81.7717918459589
rd400,6,AG Original,200326.28524168013,131232.2219937498,24.986228942871094,34.490762490091115
rd400,6,AG 1DeleteCross,202785.63814308474,79774.48903229636,57.76149296760559,60.66068102120339
rd400,6,AG 1DC-Solucao-Cluster2x2,193551.34224467346,38113.065890039354,28.121333360671997,80.3085499444072
rd400,6,AG 1DC-AG-Cluster2x2,198974.3049472831,37083.37420165547,30.780689001083374,81.36273213193007
rd400,7,AG Original,200662.38338794775,126763.91385092412,24.792651891708374,36.8272659226583
rd400,7,AG 1DeleteCross,203367.81903003543,80846.76192789958,57.308005809783936,60.24603975520861
rd400,7,AG 1DC-Solucao-Cluster2x2,198675.88437358532,37171.61181858411,29.948306798934937,81.29032522704793
rd400,7,AG 1DC-AG-Cluster2x2,203234.1124255226,38077.366554924556,30.14545750617981,81.2642837855882
rd400,8,AG Original,201081.0609269946,126482.30631739677,24.585655450820923,37.09884673658152
rd400,8,AG 1DeleteCross,197995.09550132309,84394.8395103606,53.37866187095642,57.3752878591901
rd400,8,AG 1DC-Solucao-Cluster2x2,199337.2482133552,37270.96133737772,29.68009352684021,81.30256052421986
rd400,8,AG 1DC-AG-Cluster2x2,199875.7102375658,37492.36832721145,30.090112924575806,81.24215879826056
rd400,9,AG Original,200093.0523834642,123257.96927436697,24.91207242012024,38.3996756478322
rd400,9,AG 1DeleteCross,199097.9877669343,85985.90181986523,55.215274810791016,56.81226978520696
rd400,9,AG 1DC-Solucao-Cluster2x2,202155.67269457068,35211.15241621246,30.799978256225586,82.58215960656635
rd400,9,AG 1DC-AG-Cluster2x2,203224.331987199,36978.28401192268,29.22315549850464,81.80420442260234
rd400,10,AG Original,202435.22434655018,127140.8830929502,24.678130865097046,37.19428844295551
rd400,10,AG 1DeleteCross,202986.54998298472,84594.18762519115,55.113452196121216,58.32522517758826
rd400,10,AG 1DC-Solucao-Cluster2x2,200241.4092965629,36966.883465871135,29.512789011001587,81.53884174320697
rd400,10,AG 1DC-AG-Cluster2x2,198141.7127923502,35778.116391418116,31.464179515838623,81.94316790381583
rd400,11,AG Original,201740.13585351774,128135.0234570164,24.73027729988098,36.485110949833775
rd400,11,AG 1DeleteCross,200593.06139463224,83043.68885768883,53.00486373901367,58.60091656195689
rd400,11,AG 1DC-Solucao-Cluster2x2,202356.43908907264,40473.4046238039,27.46281409263611,79.99895392209957
rd400,11,AG 1DC-AG-Cluster2x2,200513.57555103028,38061.99817504992,29.12752366065979,81.01774502277367
rd400,12,AG Original,201268.15203937129,129076.36505977696,24.618840217590332,35.86846018513275
rd400,12,AG 1DeleteCross,201210.5994154642,81988.8436535715,52.82554364204407,59.25222434019041
rd400,12,AG 1DC-Solucao-Cluster2x2,202965.6661939078,37419.09144047931,28.725067615509033,81.56383188241792
rd400,12,AG 1DC-AG-Cluster2x2,199664.79517882122,37433.312143514166,29.14952254295349,81.25192169706801
rd400,13,AG Original,202194.5484870166,120788.91573532962,24.75046396255493,40.26104232820809
rd400,13,AG 1DeleteCross,199117.3223711308,85807.85162895123,54.287747383117676,56.90588312099955
rd400,13,AG 1DC-Solucao-Cluster2x2,200310.2789918846,35624.29914051758,30.156194925308228,82.21544130445704
rd400,13,AG 1DC-AG-Cluster2x2,200165.8054741491,37463.73704397175,29.326673984527588,81.28364784623011
rd400,14,AG Original,199781.57412354526,124471.00662186333,24.658424854278564,37.69645315493898
rd400,14,AG 1DeleteCross,197142.46642284136,80144.52337127323,57.48441481590271,59.34690032771777
rd400,14,AG 1DC-Solucao-Cluster2x2,201017.26075346852,39513.148756425886,28.318058490753174,80.34340503481162
rd400,14,AG 1DC-AG-Cluster2x2,198591.44707060835,38633.81546804849,28.64792823791504,80.54608290642427
rd400,15,AG Original,200614.5365566342,126010.00221657632,24.585337162017822,37.188000241944955
rd400,15,AG 1DeleteCross,202070.41849654392,78062.55445149308,55.93344497680664,61.36863820429599
rd400,15,AG 1DC-Solucao-Cluster2x2,201941.13422669668,40167.849036157,27.994247436523438,80.10912972734666
rd400,15,AG 1DC-AG-Cluster2x2,196785.93228554807,36289.81983417173,29.147058486938477,81.55873267327206
rd400,16,AG Original,200808.55122625112,125864.64153086132,24.440601587295532,37.32107484354611
rd400,16,AG 1DeleteCross,202949.96336765337,86757.8533287124,52.457688331604004,57.251604341733
rd400,16,AG 1DC-Solucao-Cluster2x2,200308.37167371833,38219.58391456682,29.756922721862793,80.91962727507837
rd400,16,AG 1DC-AG-Cluster2x2,201619.73593948485,36855.02881876263,29.08133625984192,81.72052520204447
rd400,17,AG Original,199998.8885503403,123567.82344846356,24.588554859161377,38.215744925321836
rd400,17,AG 1DeleteCross,200863.09900654547,83129.39480322294,53.264171838760376,58.61390408971335
rd400,17,AG 1DC-Solucao-Cluster2x2,196624.35886134623,37219.916618117204,30.166630029678345,81.07054648078287
rd400,17,AG 1DC-AG-Cluster2x2,198834.36083765377,35615.74608120448,30.942605018615723,82.08773074675742
rd400,18,AG Original,201544.38472211047,126209.38073490186,24.661619424819946,37.37886525148322
rd400,18,AG 1DeleteCross,201555.23071699557,77753.67987059114,55.204161643981934,61.42313965556897
rd400,18,AG 1DC-Solucao-Cluster2x2,196443.41057458983,36859.67385595653,28.770828008651733,81.23649261222694
rd400,18,AG 1DC-AG-Cluster2x2,199838.49558735453,38334.42363055601,29.956822395324707,80.81729772940616
rd400,19,AG Original,203289.12880448584,124579.7257556592,24.500898361206055,38.71795974123424
rd400,19,AG 1DeleteCross,198720.89739054552,79188.92354475781,55.51438927650452,60.150681390529314
rd400,19,AG 1DC-Solucao-Cluster2x2,199499.03484896806,37186.74530189988,27.586838960647583,81.35993723977045
rd400,19,AG 1DC-AG-Cluster2x2,201173.81432201946,36336.42363619634,29.5530104637146,81.93779654740128
rd400,20,AG Original,201174.14815581,126865.20739399325,24.530988454818726,36.93761919362733
rd400,20,AG 1DeleteCross,201451.66467901008,77390.13375027236,54.78562784194946,61.58377054188925
rd400,20,AG 1DC-Solucao-Cluster2x2,201164.76577126753,38246.48937630231,28.912642002105713,80.98748096881432
rd400,20,AG 1DC-AG-Cluster2x2,200372.73166435063,36746.63128845822,29.73387098312378,81.66086224246651
